<!DOCTYPE node PUBLIC "-//freedesktop//DTD D-BUS Object Introspection 1.0//EN" "http://www.freedesktop.org/standards/dbus/1.0/introspect.dtd">
<node>
  <interface name="com.deepin.dde.Notification">
    <property name="allSetting" type="s" access="read"/>
    <property name="systemSetting" type="s" access="read"/>
    <signal name="ActionInvoked">
      <arg type="u" direction="out"/>
      <arg type="s" direction="out"/>
    </signal>
    <signal name="NotificationClosed">
      <arg type="u" direction="out"/>
      <arg type="u" direction="out"/>
    </signal>
    <signal name="RecordAdded">
      <arg type="s" direction="out"/>
    </signal>
    <signal name="AppInfoChanged">
      <arg name="id" type="s" direction="out"/>
      <arg name="item" type="u" direction="out"/>
      <arg name="var" type="v" direction="out"/>
    </signal>
    <signal name="SystemInfoChanged">
      <arg name="item" type="u" direction="out"/>
      <arg name="var" type="v" direction="out"/>
    </signal>
    <signal name="AppAddedSignal">
      <arg name="id" type="s" direction="out"/>
    </signal>
    <signal name="AppRemovedSignal">
      <arg name="id" type="s" direction="out"/>
    </signal>
    <signal name="appAdded">
      <arg name="appName" type="s" direction="out"/>
    </signal>
    <signal name="appRemoved">
      <arg name="appName" type="s" direction="out"/>
    </signal>
    <signal name="appSettingChanged">
      <arg name="Settings" type="s" direction="out"/>
    </signal>
    <signal name="systemSettingChanged">
      <arg name="Settings" type="s" direction="out"/>
    </signal>
    <method name="CloseNotification">
      <arg type="u" direction="in"/>
    </method>
    <method name="GetCapabilities">
      <arg type="as" direction="out"/>
    </method>
    <method name="GetServerInformation">
      <arg type="s" direction="out"/>
      <arg type="s" direction="out"/>
      <arg type="s" direction="out"/>
      <arg type="s" direction="out"/>
    </method>
    <method name="Notify">
      <arg type="u" direction="out"/>
      <arg type="s" direction="in"/>
      <arg name="replacesId" type="u" direction="in"/>
      <arg type="s" direction="in"/>
      <arg type="s" direction="in"/>
      <arg type="s" direction="in"/>
      <arg type="as" direction="in"/>
      <arg type="a{sv}" direction="in"/>
      <annotation name="org.qtproject.QtDBus.QtTypeName.In6" value="QVariantMap"/>
      <arg type="i" direction="in"/>
    </method>
    <method name="GetAllRecords">
      <arg type="s" direction="out"/>
    </method>
    <method name="GetRecordById">
      <arg type="s" direction="out"/>
      <arg name="id" type="s" direction="in"/>
    </method>
    <method name="GetRecordsFromId">
      <arg type="s" direction="out"/>
      <arg name="rowCount" type="i" direction="in"/>
      <arg name="offsetId" type="s" direction="in"/>
    </method>
    <method name="RemoveRecord">
      <arg name="id" type="s" direction="in"/>
    </method>
    <method name="ClearRecords">
    </method>
    <method name="Toggle">
    </method>
    <method name="recordCount">
      <arg type="u" direction="out"/>
    </method>
    <method name="GetAppList">
      <arg type="as" direction="out"/>
    </method>
    <method name="GetAppInfo">
      <arg type="v" direction="out"/>
      <arg name="id" type="s" direction="in"/>
      <arg name="item" type="u" direction="in"/>
    </method>
    <method name="GetSystemInfo">
      <arg type="v" direction="out"/>
      <arg name="item" type="u" direction="in"/>
    </method>
    <method name="SetAppInfo">
      <arg name="id" type="s" direction="in"/>
      <arg name="item" type="u" direction="in"/>
      <arg name="var" type="v" direction="in"/>
    </method>
    <method name="SetSystemInfo">
      <arg name="item" type="u" direction="in"/>
      <arg name="var" type="v" direction="in"/>
    </method>
    <method name="getAllSetting">
      <arg type="s" direction="out"/>
    </method>
    <method name="setAllSetting">
      <arg name="settings" type="s" direction="in"/>
    </method>
    <method name="getAppSetting">
      <arg type="s" direction="out"/>
      <arg name="appName" type="s" direction="in"/>
    </method>
    <method name="setAppSetting">
      <arg name="settings" type="s" direction="in"/>
    </method>
    <method name="getSystemSetting">
      <arg type="s" direction="out"/>
    </method>
    <method name="setSystemSetting">
      <arg name="settings" type="s" direction="in"/>
    </method>
  </interface>
</node>
