<?xml version="1.0" encoding="utf-8"?>
<schemalist>
	<schema path="/com/deepin/dte/shell/" id="com.deepin.dte.shell">
        <key type="i" name="step-wait-time">
            <default>5</default>
            <range min="1" max="60"/>
            <summary>default step wait time</summary>
            <description>default is 5</description>
        </key>

        <key type="i" name="max-wait-time">
            <default>1440</default>
            <range min="15" max="2880"/>
            <summary>default maximum wait time</summary>
            <description>default is 1440</description>
        </key>

        <key type="i" name="limit-try">
            <default>5</default>
            <range min="1" max="10"/>
            <summary>Default lock limit try number</summary>
            <description>default is 5</description>
        </key>

        <key type="i" name="password-length">
            <default>6</default>
            <range min="1" max="16"/>
            <summary>Allowed password length</summary>
            <description>default is 6</description>
        </key>

        <key type="as" name="shortcutsettings" >
            <default>['deepin-camera','deepin-calculator']</default>
            <summary>shortcut settings</summary>
        </key>

	 <key type="b" name="rotationislock">
	    <default>true</default>
	    <summary>Auto rotation is lock</summary>
	    <description>If locked, do not follow the gyroscope to rotate the screen</description>
	 </key>

	 <key type="i" name="shortcutsettings-maxcount">
            <default>16</default>
            <range min="1" max="100"/>
            <summary>Allowed shortcutsettings max count</summary>
            <description>default is 16</description>
        </key>
        <key type="i" name="distance">
             <default>40</default>
             <range min="0" max="40"/>
             <summary>Default edge stroke distance</summary>
             <description>default is 40</description>
        </key>
      <key name='command-delay-list' type='as'>
        <default>['deepin-camera']</default>
        <summary>pulldownpanel plugin is delay the execution of the command</summary>
        <description>delay the execution of the command list</description>
      </key>
	</schema>
</schemalist>
