<!DOCTYPE node PUBLIC "-//freedesktop//DTD D-BUS Object Introspection 1.0//EN" "http://www.freedesktop.org/standards/dbus/1.0/introspect.dtd">
<node>
  <interface name="com.deepin.dte.shell.shortcuts">
    <property name="shortcutSettings" type="as" access="readwrite"/>
    <method name="add">
      <arg name="desktop" type="s" direction="in"/>
    </method>
    <method name="insert">
      <arg name="index" type="i" direction="in"/>
      <arg name="desktop" type="s" direction="in"/>
    </method>
    <method name="clear">
    </method>
    <method name="remove">
      <arg type="b" direction="out"/>
      <arg name="desktop" type="s" direction="in"/>
    </method>
    <method name="remove">
      <arg type="b" direction="out"/>
      <arg name="index" type="i" direction="in"/>
    </method>
  </interface>
</node>
