<!DOCTYPE node PUBLIC "-//freedesktop//DTD D-BUS Object Introspection 1.0//EN" "http://www.freedesktop.org/standards/dbus/1.0/introspect.dtd">
<node>
  <interface name="org.freedesktop.Notifications">
    <signal name="ActionInvoked">
      <arg name="in0" type="u" direction="out"/>
      <arg name="in1" type="s" direction="out"/>
    </signal>
    <signal name="NotificationClosed">
      <arg name="in0" type="u" direction="out"/>
      <arg name="in1" type="u" direction="out"/>
    </signal>
    <method name="CloseNotification">
      <arg name="in0" type="u" direction="in"/>
    </method>
    <method name="GetCapabilities">
      <arg type="as" direction="out"/>
    </method>
    <method name="GetServerInformation">
      <arg type="s" direction="out"/>
      <arg name="out1" type="s" direction="out"/>
      <arg name="out2" type="s" direction="out"/>
      <arg name="out3" type="s" direction="out"/>
    </method>
    <method name="Notify">
      <arg type="u" direction="out"/>
      <arg name="in0" type="s" direction="in"/>
      <arg name="in1" type="u" direction="in"/>
      <arg name="in2" type="s" direction="in"/>
      <arg name="in3" type="s" direction="in"/>
      <arg name="in4" type="s" direction="in"/>
      <arg name="in5" type="as" direction="in"/>
      <arg name="in6" type="a{sv}" direction="in"/>
      <annotation name="org.qtproject.QtDBus.QtTypeName.In6"
value="QVariantMap"/>
      <arg name="in7" type="i" direction="in"/>
    </method>
</node>